{
  "name": "firebase",
  "version": "4.6.0",
  "homepage": "https://firebase.google.com",
  "authors": [
    "Firebase <firebase-support@google.com>"
  ],
  "description": "Firebase Web Client",
  "main": "firebase.js",
  "keywords": [
    "Firebase",
    "realtime",
    "database",
    "storage",
    "authentication"
  ],
  "license": "https://developers.google.com/terms",
  "private": false,
  "ignore": [
    "**/.*",
    "node_modules",
    "bower_components",
    "test",
    "tests"
  ],
  "_release": "4.6.0",
  "_resolution": {
    "type": "version",
    "tag": "v4.6.0",
    "commit": "9ad3c754033924d473b3e9e2680ad4f3c7530fd3"
  },
  "_source": "https://github.com/firebase/firebase-bower.git",
  "_target": "^4.6.0",
  "_originalSource": "firebase",
  "_direct": true
}